{
  "accuracy": 0.75,
  "precision": 0.7817757534161103,
  "recall": 0.75,
  "f1": 0.7557181327883487,
  "confusion_matrix": [
    [
      29,
      11,
      0
    ],
    [
      2,
      29,
      5
    ],
    [
      0,
      7,
      17
    ]
  ],
  "class_counts": {
    "approve": 200,
    "clarify": 182,
    "hold": 118
  }
}