{
  "accuracy": 0.77,
  "precision": 0.7641292232671543,
  "recall": 0.77,
  "f1": 0.7647923045187066,
  "confusion_matrix": [
    [
      35,
      7,
      0
    ],
    [
      9,
      20,
      5
    ],
    [
      0,
      2,
      22
    ]
  ],
  "class_counts": {
    "approve": 212,
    "clarify": 170,
    "hold": 118
  }
}